8/8/1993,38,17,47,25,30,37
8/15/1993,6,7,30,17,2,42
8/22/1993,44,20,17,3,38,45
8/29/1993,42,30,36,5,4,6
9/5/1993,5,14,7,49,35,19
9/12/1993,42,28,41,15,22,38
9/19/1993,18,4,16,35,2,17
10/3/1993,44,48,34,37,4,41
10/17/1993,13,7,6,45,29,25
10/24/1993,8,22,43,14,34,15
10/31/1993,14,17,47,19,36,12
11/14/1993,48,20,6,43,4,35
11/28/1993,37,36,17,35,15,8
12/12/1993,12,33,41,7,34,43
12/19/1993,49,15,46,25,12,32
1/16/1994,7,20,27,46,2,33
1/23/1994,39,5,6,19,20,2
1/30/1994,14,47,40,26,24,36
2/6/1994,45,10,18,43,35,11
2/13/1994,38,29,49,47,8,3
2/20/1994,16,42,33,4,38,7
3/13/1994,22,39,35,29,44,46
3/20/1994,34,9,10,19,2,47
3/27/1994,11,8,25,13,3,38
4/2/1994,38,49,36,20,19,5
4/10/1994,49,42,11,45,9,23
4/17/1994,23,46,1,35,2,22
4/24/1994,10,41,29,25,18,8
5/1/1994,19,7,16,18,6,49
5/8/1994,15,44,32,21,49,10
5/15/1994,29,32,38,24,11,15
5/22/1994,10,18,23,40,35,33
5/29/1994,37,10,44,27,47,48
6/5/1994,34,7,49,14,47,44
6/12/1994,43,49,4,36,24,26
6/19/1994,46,27,6,31,2,11
6/26/1994,27,14,3,43,22,42
7/3/1994,47,38,36,19,5,35
7/10/1994,41,4,39,13,24,33
7/17/1994,18,29,17,48,47,34
7/24/1994,33,29,31,23,41,6
7/31/1994,29,17,11,14,28,39
8/7/1994,35,16,8,47,46,36
8/14/1994,36,21,5,47,40,33
8/21/1994,25,31,46,39,1,22
8/28/1994,20,45,32,23,18,19
9/4/1994,29,27,44,43,30,46
9/11/1994,28,26,48,37,44,1
9/18/1994,1,15,9,45,44,14
9/25/1994,41,7,48,3,11,16
10/2/1994,5,8,48,2,28,25
10/9/1994,49,39,9,42,37,13
10/16/1994,10,7,45,2,8,20
10/23/1994,48,38,15,45,12,42
10/30/1994,4,33,17,45,13,39
11/6/1994,16,11,12,14,15,38
11/13/1994,28,45,2,7,19,43
11/20/1994,25,23,41,40,27,34
11/27/1994,18,44,1,43,40,9
12/4/1994,3,31,1,28,15,12
12/11/1994,38,13,31,28,19,23
12/18/1994,49,31,10,43,37,12
1/2/1995,25,18,42,36,43,12
1/15/1995,20,44,18,48,19,28
1/22/1995,41,8,37,22,6,5
1/29/1995,41,36,18,23,27,10
2/5/1995,38,12,1,2,44,41
2/12/1995,1,31,16,4,33,18
2/19/1995,23,5,42,18,15,12
3/1/1995,12,49,23,18,5,28
3/5/1995,39,46,35,43,17,16
3/12/1995,36,37,24,48,10,5
3/19/1995,13,25,16,14,49,37
3/26/1995,4,35,39,22,11,46
4/2/1995,19,5,24,9,36,40
4/9/1995,3,22,13,5,35,6
4/16/1995,16,30,11,4,19,46
4/23/1995,34,28,48,32,4,20
4/30/1995,30,46,39,19,35,48
5/7/1995,36,4,12,20,7,39
5/14/1995,32,14,44,34,21,24
5/21/1995,29,43,24,8,17,18
5/28/1995,13,33,16,1,30,36
6/4/1995,42,35,5,26,37,25
6/11/1995,36,15,43,19,16,32
6/18/1995,38,34,9,24,25,36
6/25/1995,20,30,48,29,16,36
7/2/1995,43,47,34,4,8,48
7/9/1995,45,28,43,40,32,29
7/16/1995,31,26,16,10,23,43
7/23/1995,27,31,24,40,7,19
7/30/1995,32,25,21,6,27,14
8/6/1995,16,9,46,41,1,37
8/13/1995,24,33,25,44,42,28
8/20/1995,28,2,30,16,29,10
8/27/1995,45,40,16,6,32,38
9/3/1995,28,35,41,34,20,25
9/10/1995,10,17,28,32,27,35
9/17/1995,22,6,19,3,31,15
9/24/1995,31,7,9,40,26,14
10/1/1995,13,6,21,41,19,15
10/8/1995,45,28,2,34,26,7
10/15/1995,39,3,26,38,11,20
10/22/1995,28,2,43,47,12,19
10/29/1995,8,42,17,12,32,43
11/5/1995,10,12,36,42,18,1
11/12/1995,21,18,15,35,11,7
11/19/1995,21,1,9,16,37,42
11/26/1995,18,45,17,23,9,39
12/3/1995,39,46,40,41,9,23
12/10/1995,41,7,36,33,6,14
12/17/1995,5,14,10,9,3,15
1/2/1996,28,14,24,20,37,33
1/14/1996,4,32,2,20,7,35
1/21/1996,12,14,27,5,19,42
1/28/1996,7,38,43,18,5,12
2/4/1996,11,19,46,20,12,29
2/11/1996,30,16,5,22,15,21
2/18/1996,37,47,14,6,38,45
2/25/1996,19,10,45,17,47,23
3/3/1996,28,48,21,35,16,33
3/10/1996,45,18,12,25,9,22
3/17/1996,22,32,13,46,5,10
3/24/1996,40,34,7,46,41,27
3/31/1996,27,17,40,48,30,44
4/7/1996,25,38,3,9,46,47
4/14/1996,21,38,36,31,15,11
4/21/1996,5,25,42,46,26,15
4/28/1996,25,10,18,8,31,44
5/5/1996,4,14,13,32,35,19
5/12/1996,11,16,22,35,20,23
5/19/1996,14,38,34,49,37,42
5/26/1996,10,29,21,19,31,26
6/2/1996,44,23,49,43,15,16
6/9/1996,1,35,27,9,14,36
6/16/1996,49,40,23,16,26,24
6/23/1996,15,22,19,2,29,31
6/30/1996,33,14,41,2,46,21
7/7/1996,41,8,9,12,2,44
7/14/1996,27,6,9,13,43,18
7/21/1996,36,10,37,16,23,46
7/28/1996,39,32,25,17,9,42
8/4/1996,8,40,48,15,17,14
8/11/1996,14,46,16,49,17,1
8/18/1996,29,28,1,5,48,47
8/25/1996,44,1,25,20,46,34
9/1/1996,36,13,19,15,11,3
9/8/1996,20,39,30,1,32,2
9/15/1996,20,5,1,8,36,7
9/22/1996,18,4,3,37,35,25
9/29/1996,28,4,8,29,32,20
10/6/1996,36,13,47,27,44,7
10/13/1996,27,23,31,34,17,25
10/20/1996,7,2,43,42,13,5
10/27/1996,40,20,17,39,34,9
11/3/1996,16,48,49,45,34,15
11/10/1996,34,22,24,12,10,37
11/17/1996,23,32,46,6,27,14
11/24/1996,3,15,13,35,36,5
12/1/1996,21,45,5,7,37,48
12/8/1996,47,20,3,16,33,35
12/15/1996,31,15,38,46,23,10
12/22/1996,35,48,49,23,14,29
1/2/1997,26,25,23,5,13,35
1/12/1997,2,24,20,18,10,29
1/19/1997,9,43,42,33,12,23
1/26/1997,24,27,23,33,18,29
2/2/1997,17,11,1,20,13,23
2/9/1997,7,48,43,4,17,45
2/16/1997,18,17,28,8,20,5
2/23/1997,39,18,33,15,20,23
3/2/1997,42,36,6,10,17,16
3/9/1997,29,27,37,38,1,12
3/16/1997,12,9,23,46,19,37
3/23/1997,5,13,33,37,16,22
3/30/1997,5,11,28,18,39,27
4/6/1997,5,49,22,8,24,16
4/13/1997,1,41,6,25,31,14
4/20/1997,25,3,8,24,2,27
4/29/1997,1,13,45,20,21,12
5/4/1997,43,33,42,46,17,7
5/11/1997,31,45,16,29,32,28
5/18/1997,20,26,42,36,49,9
5/25/1997,14,15,11,46,41,16
6/1/1997,19,23,32,18,36,15
6/8/1997,26,37,30,27,23,39
6/15/1997,45,17,14,29,39,27
6/22/1997,46,43,9,40,4,34
6/29/1997,38,35,48,9,34,37
7/6/1997,23,16,17,9,15,26
7/13/1997,33,32,9,1,42,3
7/20/1997,14,28,10,24,2,11
7/27/1997,4,44,20,10,7,11
8/3/1997,24,42,2,30,26,28
8/10/1997,2,48,9,34,42,8
8/17/1997,46,37,3,43,34,30
8/24/1997,46,13,48,29,39,3
8/31/1997,38,49,22,34,46,14
9/7/1997,19,46,13,9,15,14
9/14/1997,40,21,47,2,31,45
9/21/1997,20,26,43,17,41,38
9/28/1997,43,17,22,20,34,23
10/5/1997,25,19,12,45,49,5
10/12/1997,48,1,43,32,26,24
10/19/1997,41,42,13,4,3,49
10/26/1997,26,10,4,36,25,46
11/2/1997,30,1,46,28,48,45
11/9/1997,30,3,37,5,20,2
11/16/1997,31,22,29,13,15,21
11/23/1997,38,6,34,35,15,46
11/30/1997,30,1,42,3,18,49
12/7/1997,4,16,39,29,45,11
12/14/1997,27,42,31,6,9,21
12/21/1997,24,12,46,6,26,27
1/4/1998,17,23,5,35,34,24
1/11/1998,27,32,20,28,29,12
1/18/1998,16,33,21,8,23,43
1/25/1998,26,46,1,27,30,13
2/1/1998,23,10,48,44,19,18
2/8/1998,42,2,4,21,1,29
2/15/1998,5,33,36,31,39,46
2/22/1998,24,35,23,7,15,38
3/1/1998,17,34,11,2,45,30
3/8/1998,33,14,49,46,36,45
3/15/1998,49,35,33,24,36,43
3/22/1998,4,48,27,26,30,44
3/29/1998,39,13,23,4,8,29
4/5/1998,8,7,18,25,41,12
4/12/1998,47,11,25,15,40,7
4/21/1998,9,26,43,5,7,24
4/26/1998,22,1,45,34,15,26
5/3/1998,33,22,49,31,35,10
5/10/1998,43,40,48,5,11,29
5/17/1998,21,44,13,5,9,41
5/24/1998,20,8,43,46,48,26
5/31/1998,11,33,46,15,4,44
6/7/1998,44,32,45,21,31,37
6/14/1998,33,43,5,29,47,21
6/21/1998,16,5,17,13,4,28
6/28/1998,48,30,15,22,5,35
7/5/1998,21,43,17,14,12,11
7/12/1998,16,22,13,20,6,1
7/19/1998,9,18,11,49,21,29
7/26/1998,28,5,8,17,13,24
8/2/1998,39,29,15,33,23,7
8/9/1998,47,29,36,42,25,20
8/16/1998,34,25,3,43,33,6
8/23/1998,15,23,21,29,44,6
8/30/1998,49,18,30,10,22,27
9/6/1998,15,27,35,17,7,44
9/13/1998,22,44,42,10,14,49
9/20/1998,20,3,9,39,24,11
9/27/1998,18,3,26,16,13,5
10/4/1998,40,45,24,33,13,9
10/11/1998,13,18,32,38,46,26
10/18/1998,22,13,42,36,26,38
10/25/1998,31,43,44,13,32,16
11/1/1998,6,19,36,25,2,32
11/8/1998,7,48,17,26,10,15
11/15/1998,13,34,39,28,15,37
11/22/1998,12,37,4,30,46,36
11/29/1998,30,22,19,34,32,15
12/6/1998,25,16,27,33,26,22
12/13/1998,28,8,43,31,18,24
12/20/1998,19,36,48,23,41,29
1/3/1999,13,12,18,38,25,33
1/10/1999,11,36,41,38,43,18
1/17/1999,12,45,25,18,30,21
1/24/1999,37,10,35,41,20,43
1/31/1999,23,28,36,3,2,38
2/7/1999,37,43,38,36,40,20
2/14/1999,35,17,48,45,36,1
2/21/1999,38,40,43,33,32,29
2/28/1999,10,15,3,43,37,28
3/7/1999,13,26,45,2,11,31
3/14/1999,48,24,29,23,7,32
3/21/1999,47,9,41,2,30,10
3/28/1999,30,17,49,27,3,5
4/4/1999,11,31,35,18,7,22
4/13/1999,17,26,1,29,6,10
4/18/1999,49,29,45,31,39,26
4/25/1999,8,42,6,47,2,20
5/2/1999,3,24,27,29,26,23
5/9/1999,24,2,13,30,26,27
5/16/1999,36,33,26,3,10,14
5/23/1999,26,33,38,30,3,23
5/30/1999,44,20,25,16,31,24
6/6/1999,23,17,9,44,11,31
6/13/1999,49,26,24,19,11,15
6/20/1999,18,6,32,30,24,40
6/27/1999,49,27,26,41,16,31
7/4/1999,12,13,15,38,43,34
7/11/1999,24,8,10,13,28,44
7/18/1999,14,20,24,9,4,39
7/25/1999,16,20,39,49,28,22
8/1/1999,48,25,2,22,31,43
8/8/1999,21,34,18,32,35,10
8/15/1999,30,27,9,40,44,7
8/22/1999,49,16,6,43,36,9
8/29/1999,14,23,22,30,6,15
9/5/1999,12,46,49,47,35,45
9/12/1999,46,17,8,26,15,23
9/19/1999,33,37,19,47,22,26
9/26/1999,49,46,26,12,22,39
10/3/1999,13,19,33,42,3,28
10/10/1999,18,24,17,46,41,12
10/17/1999,45,48,33,5,9,15
10/24/1999,35,47,6,20,5,45
10/31/1999,27,38,34,11,5,47
11/7/1999,36,40,8,33,5,49
11/14/1999,25,47,43,6,18,20
11/21/1999,6,23,2,43,13,40
11/28/1999,31,10,39,11,35,29
12/5/1999,18,38,41,33,6,7
12/12/1999,39,38,26,24,18,16
12/19/1999,31,37,32,38,22,13
12/26/1999,12,32,4,30,41,33
1/2/2000,13,8,15,2,1,37
1/9/2000,33,29,39,17,41,13
1/16/2000,16,7,22,13,1,6
1/23/2000,46,41,17,6,29,2
1/30/2000,14,4,13,34,12,40
2/6/2000,8,12,42,6,20,29
2/13/2000,2,47,23,48,33,8
2/20/2000,23,44,6,5,45,11
2/27/2000,23,12,36,38,41,17
3/5/2000,8,48,28,23,7,17
3/12/2000,36,49,16,2,47,19
3/19/2000,23,37,42,47,21,48
3/26/2000,30,11,23,1,6,43
4/2/2000,5,10,25,18,35,27
4/9/2000,3,31,22,35,40,18
4/16/2000,43,34,7,30,28,3
4/23/2000,3,20,45,42,11,31
4/30/2000,19,30,33,31,1,41
5/7/2000,30,37,33,34,29,16
5/14/2000,5,4,27,3,41,37
5/21/2000,25,28,39,40,17,37
5/28/2000,12,6,46,37,47,17
6/4/2000,49,23,13,10,8,38
6/11/2000,45,7,36,24,21,25
6/18/2000,48,9,32,20,17,6
6/25/2000,4,3,13,31,34,49
7/2/2000,29,43,36,4,30,47
7/9/2000,11,16,27,3,45,4
7/16/2000,11,40,47,22,9,48
7/23/2000,4,23,20,2,14,43
7/30/2000,45,23,16,35,24,1
8/6/2000,12,18,29,49,9,11
8/13/2000,35,47,26,16,18,48
8/20/2000,34,35,25,2,8,10
8/27/2000,1,36,38,29,15,21
9/3/2000,33,22,3,2,34,11
9/10/2000,17,29,14,46,11,23
9/17/2000,4,12,47,26,11,17
9/24/2000,20,18,10,38,22,41
10/1/2000,15,33,23,9,47,24
10/8/2000,30,25,1,5,18,9
10/15/2000,13,4,11,8,9,27
10/22/2000,15,14,36,21,11,9
10/29/2000,44,9,7,34,33,29
11/5/2000,23,32,37,27,46,39
11/12/2000,37,20,21,32,6,44
11/19/2000,3,46,26,36,17,10
11/26/2000,46,36,47,6,25,38
12/3/2000,31,47,29,40,7,5
12/10/2000,17,36,45,47,19,10
12/17/2000,27,21,31,4,19,35
12/24/2000,13,16,34,15,17,9
1/2/2001,16,46,18,15,25,31
1/7/2001,18,47,45,20,9,39
1/14/2001,30,7,2,32,49,12
1/21/2001,40,14,13,26,19,32
1/28/2001,7,11,20,10,32,21
2/4/2001,14,24,39,21,36,43
2/11/2001,39,15,20,16,21,19
2/18/2001,34,6,32,29,4,19
2/25/2001,32,4,1,40,38,25
3/4/2001,8,38,27,16,19,40
3/11/2001,42,7,14,15,21,12
3/18/2001,22,36,2,41,1,9
3/25/2001,9,26,7,39,18,15
4/1/2001,43,32,30,16,48,15
4/8/2001,43,44,36,23,34,21
4/15/2001,5,6,9,44,8,34
4/22/2001,6,36,14,18,19,21
4/29/2001,46,38,12,41,30,10
5/6/2001,34,17,44,13,47,12
5/13/2001,24,33,3,37,26,32
5/20/2001,3,41,47,14,23,8
5/27/2001,19,47,28,38,29,9
6/3/2001,10,3,9,39,12,14
6/10/2001,19,22,16,17,42,33
6/17/2001,12,24,28,44,17,39
6/24/2001,43,44,48,3,46,41
7/1/2001,49,17,41,13,27,8
7/8/2001,18,42,8,23,21,22
7/15/2001,1,42,36,29,25,30
7/22/2001,30,40,42,22,19,13
7/29/2001,12,2,47,23,34,32
8/5/2001,30,43,22,13,49,32
8/12/2001,45,26,47,22,18,17
8/19/2001,34,41,33,47,23,35
8/26/2001,27,16,10,21,22,38
9/2/2001,2,1,13,42,25,3
9/9/2001,6,8,40,41,43,9
9/16/2001,26,23,29,41,15,39
9/23/2001,28,33,18,16,45,9
9/30/2001,35,47,40,37,15,39
10/7/2001,18,15,33,41,49,46
10/14/2001,31,45,44,27,20,42
10/21/2001,44,45,29,1,37,21
10/28/2001,41,18,33,39,35,28
11/4/2001,4,23,32,10,30,13
11/11/2001,2,37,1,33,40,23
11/18/2001,16,21,23,25,15,3
11/25/2001,39,22,49,33,40,30
12/2/2001,43,25,16,30,32,27
12/9/2001,46,4,24,22,2,40
12/16/2001,23,34,48,42,33,19
12/23/2001,29,40,8,2,22,1
1/2/2002,14,18,29,47,28,6
1/6/2002,26,39,6,25,14,16
1/13/2002,10,31,33,43,45,41
1/20/2002,24,29,35,5,43,30
1/27/2002,13,49,47,15,5,35
2/3/2002,4,30,39,14,20,42
2/10/2002,43,32,39,42,36,14
2/17/2002,22,36,47,34,16,3
2/24/2002,32,6,17,36,30,27
3/3/2002,38,49,48,32,26,24
3/10/2002,11,27,41,14,7,22
3/17/2002,5,34,47,45,9,1
3/24/2002,44,10,21,37,36,24
3/31/2002,24,47,32,33,44,22
4/7/2002,47,13,4,44,39,29
4/14/2002,14,48,5,9,11,34
4/21/2002,22,21,25,2,1,49
4/28/2002,38,3,6,12,43,40
5/5/2002,7,35,48,47,40,17
5/12/2002,44,45,36,32,33,28
5/19/2002,1,42,7,4,9,10
5/26/2002,47,19,38,1,48,21
6/2/2002,2,27,19,6,10,30
6/9/2002,31,25,29,10,20,24
6/16/2002,33,45,22,39,14,27
6/23/2002,41,47,12,5,31,18
6/30/2002,34,27,33,48,41,49
7/7/2002,6,36,1,18,34,33
7/14/2002,29,5,21,6,10,38
7/21/2002,41,5,28,39,47,9
7/28/2002,1,20,36,11,3,28
8/4/2002,29,21,14,32,46,23
8/11/2002,6,48,9,12,36,10
8/18/2002,44,28,47,15,7,38
8/25/2002,19,18,28,8,22,31
9/1/2002,4,16,37,20,1,43
9/8/2002,31,48,45,47,6,17
9/15/2002,36,15,14,8,38,12
9/22/2002,33,7,43,29,13,37
9/29/2002,21,14,3,44,4,24
10/6/2002,27,35,7,20,6,24
10/13/2002,48,38,25,6,37,22
10/20/2002,15,30,44,17,5,48
10/27/2002,38,15,44,13,11,41
11/3/2002,27,46,11,17,49,21
11/10/2002,24,22,9,47,8,38
11/17/2002,6,44,27,29,24,47
11/24/2002,27,24,7,17,34,4
12/1/2002,30,24,32,37,16,3
12/8/2002,8,2,5,14,10,25
12/15/2002,15,32,11,38,18,41
12/22/2002,6,47,44,11,22,8
12/31/2002,8,42,32,41,16,3
1/12/2003,38,8,23,24,27,1
1/19/2003,45,2,30,24,23,28
1/26/2003,38,36,16,26,18,41
2/2/2003,35,26,49,45,40,22
2/9/2003,31,6,37,18,10,16
2/16/2003,7,26,47,48,24,33
2/23/2003,12,19,23,37,42,14
3/2/2003,9,18,46,6,10,28
3/9/2003,20,38,15,33,30,8
3/16/2003,33,28,13,31,45,18
3/23/2003,43,14,19,31,15,18
3/30/2003,29,31,46,3,2,21
4/6/2003,29,28,7,12,43,40
4/13/2003,39,12,5,19,41,38
4/20/2003,2,38,23,48,8,12
4/27/2003,26,45,13,39,35,11
5/4/2003,10,48,32,47,13,44
5/11/2003,8,13,14,9,22,21
5/18/2003,15,2,8,9,44,36
5/25/2003,2,20,29,47,4,12
6/1/2003,29,33,16,14,1,48
6/8/2003,14,30,13,38,39,9
6/15/2003,17,41,44,34,30,24
6/22/2003,14,37,46,38,27,10
6/29/2003,12,15,18,33,45,40
7/6/2003,36,25,20,12,48,43
7/13/2003,45,15,20,22,41,25
7/20/2003,5,4,24,34,9,8
7/27/2003,33,30,2,23,32,17
8/3/2003,48,1,14,17,12,44
8/10/2003,14,49,47,6,24,39
8/17/2003,30,23,15,9,5,48
8/24/2003,7,5,4,40,48,28
8/31/2003,29,24,40,38,17,33
9/7/2003,47,2,5,1,45,15
9/14/2003,36,9,4,41,28,13
9/21/2003,46,14,16,2,22,19
9/28/2003,46,49,1,17,42,23
10/5/2003,27,42,3,13,46,38
10/12/2003,43,28,9,24,2,18
10/19/2003,16,13,24,43,26,4
10/26/2003,14,48,20,37,38,5
11/2/2003,6,40,46,45,30,29
11/9/2003,40,18,46,22,41,45
11/16/2003,18,2,3,33,27,21
11/23/2003,19,17,27,3,31,15
11/30/2003,4,32,9,29,11,10
12/7/2003,12,45,42,27,23,20
12/14/2003,27,42,44,24,41,2
12/21/2003,36,17,8,37,44,20
1/4/2004,3,2,35,45,37,31
1/11/2004,32,36,28,11,24,25
1/18/2004,34,12,11,26,42,13
1/25/2004,6,20,9,10,49,43
2/1/2004,14,42,37,40,31,6
2/8/2004,5,33,3,48,6,15
2/15/2004,38,6,31,33,8,7
2/22/2004,12,7,32,10,13,22
2/29/2004,23,10,13,17,30,20
3/7/2004,40,47,27,34,16,8
3/14/2004,26,21,41,36,44,12
3/21/2004,34,3,39,4,27,37
3/28/2004,17,10,46,11,13,19
4/4/2004,38,45,5,15,24,1
4/11/2004,28,9,24,17,5,12
4/18/2004,35,12,42,44,14,40
4/25/2004,13,15,6,29,3,11
5/2/2004,31,39,32,6,49,46
5/9/2004,11,9,6,32,41,38
5/16/2004,33,8,43,24,7,36
5/23/2004,24,44,27,5,41,6
5/30/2004,23,19,36,21,37,38
6/6/2004,30,1,7,20,28,29
6/13/2004,10,23,37,12,14,9
6/20/2004,3,49,48,27,28,2
6/27/2004,37,13,32,31,49,29
7/4/2004,36,4,12,17,8,5
7/11/2004,18,17,36,5,11,23
7/18/2004,32,3,46,36,27,13
7/25/2004,30,26,44,5,14,8
8/1/2004,27,49,32,6,48,25
8/8/2004,9,44,19,37,25,2
8/15/2004,43,13,32,31,22,1
8/22/2004,20,9,12,41,27,42
8/29/2004,40,32,23,30,49,1
9/5/2004,16,28,4,26,1,34
9/12/2004,48,20,49,2,3,19
9/19/2004,27,43,42,1,3,28
9/26/2004,8,36,37,11,29,48
10/3/2004,42,29,6,13,44,22
10/10/2004,28,10,46,40,25,24
10/17/2004,44,14,10,3,22,16
10/24/2004,17,19,44,23,26,16
10/31/2004,29,7,46,12,6,11
11/7/2004,31,37,17,49,29,43
11/14/2004,33,29,40,21,16,11
11/21/2004,4,30,2,49,34,32
11/28/2004,30,45,24,26,36,19
12/5/2004,15,11,23,22,26,12
12/12/2004,29,14,43,7,36,4
12/19/2004,28,16,15,26,44,36
1/2/2005,4,35,34,1,30,9
1/9/2005,11,6,17,3,49,31
1/16/2005,30,19,48,42,17,13
1/23/2005,29,12,21,46,33,5
1/30/2005,3,34,5,39,21,16
2/6/2005,29,20,26,25,24,48
2/13/2005,41,46,36,14,17,21
2/20/2005,46,21,39,2,24,30
2/27/2005,12,47,33,4,41,3
3/6/2005,13,24,15,36,10,32
3/13/2005,19,47,22,20,30,48
3/20/2005,37,3,17,32,31,26
3/27/2005,14,16,18,7,35,38
4/3/2005,14,29,24,15,3,22
4/10/2005,9,14,34,44,37,8
4/17/2005,36,4,27,1,39,43
4/24/2005,35,33,32,47,11,29
5/1/2005,3,44,33,12,26,43
5/8/2005,45,15,47,41,28,7
5/15/2005,48,14,41,20,24,17
5/22/2005,48,17,39,43,10,29
5/29/2005,21,31,34,32,47,4
6/5/2005,42,11,17,44,22,3
6/12/2005,4,20,45,30,38,19
6/19/2005,14,49,26,31,36,38
6/26/2005,44,30,23,39,29,34
7/3/2005,41,15,44,3,23,40
7/10/2005,39,2,48,12,20,37
7/17/2005,12,26,1,35,2,19
7/24/2005,45,26,8,1,19,42
7/31/2005,17,40,28,8,1,29
8/7/2005,15,48,12,13,10,11
8/14/2005,34,32,1,16,37,5
8/21/2005,9,28,23,21,16,27
8/28/2005,23,12,14,31,16,1
9/4/2005,13,27,34,29,15,24
9/11/2005,2,28,1,41,20,42
9/18/2005,12,29,6,11,40,36
9/25/2005,45,1,11,3,27,48
10/2/2005,11,46,7,26,8,27
10/9/2005,36,2,37,44,41,22
10/16/2005,36,15,43,7,38,41
10/23/2005,16,29,28,33,6,24
10/30/2005,43,13,29,30,23,18
11/6/2005,24,44,41,5,49,2
11/13/2005,35,17,18,44,26,39
11/20/2005,24,42,13,44,2,9
11/27/2005,35,49,33,8,3,20
12/4/2005,14,29,41,13,46,25
12/11/2005,20,10,4,49,22,7
12/18/2005,15,36,37,1,47,17
1/1/2006,15,41,35,17,7,20
1/8/2006,49,14,33,1,42,34
1/15/2006,13,24,43,28,22,29
1/22/2006,3,37,34,41,43,9
1/29/2006,12,25,49,18,11,6
2/5/2006,25,23,15,48,37,36
2/12/2006,35,43,20,18,39,25
2/19/2006,36,1,31,33,43,46
2/26/2006,43,25,49,32,18,33
3/5/2006,34,12,43,31,5,15
3/12/2006,31,42,46,30,14,44
3/19/2006,30,35,3,42,6,46
3/26/2006,15,27,19,18,11,16
4/2/2006,7,29,3,16,21,34
4/9/2006,34,49,18,17,41,45
4/16/2006,27,39,10,34,19,28
4/23/2006,18,43,30,39,31,20
4/30/2006,37,48,28,45,11,46
5/7/2006,8,28,41,48,26,44
5/14/2006,12,4,45,3,43,25
5/21/2006,34,48,29,36,13,1
5/28/2006,2,30,29,6,23,45
6/4/2006,27,10,19,42,46,12
6/11/2006,20,35,13,10,41,31
6/18/2006,4,13,2,8,24,11
6/25/2006,44,45,10,35,39,28
7/2/2006,39,40,41,38,30,5
7/9/2006,34,13,32,41,18,26
7/16/2006,1,25,36,22,10,11
7/23/2006,5,26,21,28,48,33
7/30/2006,40,47,8,6,29,37
8/6/2006,26,33,23,32,18,13
8/13/2006,2,45,20,48,21,12
8/20/2006,44,36,2,21,9,13
8/27/2006,16,26,31,40,37,33
9/3/2006,20,6,22,48,23,19
9/10/2006,20,34,1,13,30,38
9/17/2006,4,23,21,32,3,37
9/24/2006,29,13,36,22,16,47
10/1/2006,13,19,49,33,39,16
10/8/2006,24,34,16,18,41,2
10/15/2006,35,8,46,41,5,37
10/22/2006,1,35,47,20,25,46
10/29/2006,20,29,34,4,27,9
11/5/2006,25,47,42,43,29,5
11/12/2006,15,41,22,38,18,20
11/19/2006,3,41,35,26,34,21
11/26/2006,17,40,28,29,1,19
12/3/2006,2,4,3,12,29,20
12/10/2006,39,11,48,26,33,30
12/17/2006,46,19,16,48,12,3
12/31/2006,46,29,8,15,36,10
1/7/2007,31,41,37,10,46,25
1/14/2007,39,43,21,9,7,22
1/21/2007,27,30,47,20,48,10
1/28/2007,49,8,26,37,2,36
2/4/2007,28,6,33,8,42,20
2/11/2007,13,7,1,5,11,27
2/18/2007,5,38,35,48,32,15
2/25/2007,5,24,13,28,42,14
3/4/2007,15,41,29,45,17,22
3/11/2007,41,35,13,1,20,12
3/18/2007,5,21,18,45,30,42
3/25/2007,42,44,17,9,23,7
4/1/2007,44,49,43,19,10,21
4/8/2007,10,38,40,45,26,44
4/15/2007,35,28,6,12,15,27
4/22/2007,6,49,16,36,35,17
4/29/2007,31,28,36,48,15,39
5/6/2007,41,12,22,11,30,44
5/13/2007,16,1,44,26,4,19
5/20/2007,36,26,42,1,30,18
5/27/2007,17,13,21,40,25,42
6/3/2007,16,44,5,39,14,15
6/10/2007,48,22,18,20,34,3
6/17/2007,25,10,26,30,5,48
6/24/2007,28,18,11,24,31,39
7/1/2007,29,39,15,14,23,9
7/8/2007,8,41,46,12,4,17
7/15/2007,36,41,44,46,48,10
7/22/2007,24,47,46,30,9,23
7/29/2007,43,19,13,46,38,42
8/5/2007,44,4,38,28,37,35
8/12/2007,42,43,18,47,46,44
8/19/2007,46,34,45,3,19,30
8/26/2007,46,35,42,1,2,34
9/2/2007,45,43,44,9,11,31
9/9/2007,1,25,22,34,11,24
9/16/2007,34,25,41,43,9,5
9/23/2007,45,40,28,25,46,32
9/30/2007,25,41,39,42,20,23
10/7/2007,2,42,31,17,48,12
10/14/2007,30,43,32,24,17,33
10/21/2007,27,42,21,43,11,16
10/28/2007,47,10,15,12,44,23
11/4/2007,28,48,12,41,3,42
11/11/2007,26,2,47,48,5,18
11/18/2007,33,28,21,46,19,10
11/25/2007,15,31,40,21,33,8
12/2/2007,4,23,6,26,9,25
12/9/2007,14,38,46,45,15,20
12/16/2007,16,10,41,29,40,24
12/30/2007,4,15,42,14,12,40
1/6/2008,26,7,48,12,24,11
1/13/2008,33,35,23,12,19,25
1/20/2008,29,40,45,26,4,46
1/27/2008,36,6,47,24,20,2
2/3/2008,29,7,34,45,13,28
2/10/2008,25,9,27,47,2,12
2/17/2008,11,27,35,48,42,31
2/24/2008,32,47,42,29,26,9
3/2/2008,9,35,39,12,46,18
3/9/2008,21,45,29,15,26,27
3/16/2008,27,13,16,35,45,11
3/23/2008,23,1,30,6,20,46
3/30/2008,42,45,43,5,31,46
4/6/2008,5,19,25,47,45,38
4/13/2008,16,17,5,11,26,39
4/20/2008,20,10,38,24,5,19
4/27/2008,19,11,36,35,43,30
5/4/2008,35,4,30,26,47,3
5/11/2008,45,19,16,33,38,26
5/18/2008,28,30,9,22,41,4
5/25/2008,4,9,3,49,39,19
6/1/2008,22,10,31,6,23,8
6/8/2008,17,8,32,25,6,33
6/15/2008,32,26,5,34,19,3
6/22/2008,35,36,25,32,10,48
6/29/2008,41,6,17,21,12,35
7/6/2008,5,19,2,18,7,20
7/13/2008,13,12,3,31,2,37
7/20/2008,7,9,43,47,42,31
7/27/2008,9,20,33,38,41,4
8/3/2008,8,9,48,5,18,46
8/10/2008,7,9,37,35,8,46
8/17/2008,35,46,34,47,41,37
8/24/2008,3,22,21,15,10,41
8/31/2008,38,4,26,12,20,13
9/7/2008,27,18,2,1,39,45
9/14/2008,5,21,34,14,11,35
9/21/2008,38,22,14,37,19,23
9/28/2008,16,17,24,21,48,32
10/5/2008,13,25,8,21,37,44
10/12/2008,1,48,24,4,33,3
10/19/2008,34,13,33,29,7,49
10/26/2008,18,34,32,40,49,46
11/2/2008,6,8,37,27,39,5
11/9/2008,10,22,2,33,45,11
11/16/2008,12,30,36,14,4,45
11/23/2008,5,27,6,8,30,48
11/30/2008,36,14,4,13,1,29
12/7/2008,41,22,13,34,3,27
12/14/2008,49,34,7,8,33,16
12/28/2008,36,39,22,7,8,28
1/11/2009,21,30,11,1,22,46
1/18/2009,37,43,41,11,20,7
1/25/2009,14,29,39,5,4,23
2/1/2009,44,21,7,1,41,34
2/8/2009,33,6,25,5,31,49
2/15/2009,15,23,9,5,25,28
2/22/2009,3,9,20,39,15,46
3/1/2009,41,18,11,34,30,21
3/8/2009,48,20,26,24,1,9
3/15/2009,2,38,29,7,48,26
3/22/2009,14,47,21,27,39,45
3/29/2009,44,17,7,35,38,16
4/5/2009,37,15,22,8,36,2
4/12/2009,32,22,3,35,29,17
4/19/2009,38,28,1,2,36,42
4/26/2009,27,48,19,2,39,25
5/3/2009,25,38,34,6,4,15
5/10/2009,38,28,13,14,6,33
5/17/2009,11,24,46,30,38,19
5/24/2009,3,6,27,20,29,48
5/31/2009,12,28,36,24,38,22
6/7/2009,15,44,19,7,37,30
6/14/2009,3,10,24,48,13,47
6/21/2009,25,21,46,26,28,11
6/28/2009,31,10,16,33,38,8
7/2/2009,9,45,10,35,43,13
7/5/2009,44,39,18,2,41,22
7/9/2009,3,19,39,37,6,4
7/12/2009,25,4,6,20,22,44
7/16/2009,42,26,44,9,32,5
7/19/2009,49,27,42,13,21,15
7/23/2009,40,6,3,28,2,42
7/26/2009,36,28,41,27,24,43
7/30/2009,43,13,38,17,28,31
8/2/2009,30,13,46,38,8,33
8/6/2009,49,25,17,36,6,21
8/9/2009,11,20,45,7,26,4
8/13/2009,2,7,39,36,9,33
8/16/2009,44,7,5,47,23,36
8/20/2009,36,6,42,4,8,5
8/23/2009,16,5,18,11,4,9
8/27/2009,36,46,39,43,41,25
8/30/2009,28,46,45,48,30,19
9/3/2009,32,15,3,14,39,43
9/6/2009,2,48,30,44,26,18
9/10/2009,40,19,5,30,3,32
9/13/2009,43,1,33,44,34,31
9/17/2009,27,22,1,14,28,17
9/20/2009,41,43,16,6,22,48
9/24/2009,22,13,6,41,17,43
9/27/2009,3,46,5,2,1,22
10/1/2009,25,28,48,19,30,10
10/4/2009,45,32,1,7,23,44
10/8/2009,39,14,31,38,12,21
10/11/2009,10,48,9,3,27,22
10/15/2009,32,27,33,24,22,12
10/18/2009,37,26,15,49,6,10
10/22/2009,10,9,22,23,25,16
10/25/2009,12,30,39,31,7,46
10/29/2009,1,47,33,35,14,8
11/1/2009,7,35,25,37,31,15
11/5/2009,41,19,40,39,5,4
11/8/2009,36,15,8,23,13,43
11/12/2009,6,38,45,27,15,33
11/15/2009,43,41,37,13,29,47
11/19/2009,25,37,5,27,17,19
11/22/2009,4,34,49,23,40,48
11/26/2009,41,26,38,14,13,32
11/29/2009,32,43,4,46,12,35
12/3/2009,13,1,10,12,19,2
12/6/2009,4,6,13,41,2,44
12/10/2009,4,30,35,10,1,25
12/13/2009,9,41,37,36,39,49
12/17/2009,4,12,18,14,22,37
12/20/2009,47,4,28,39,43,16
12/24/2009,34,42,8,16,13,15
12/31/2009,27,22,35,10,48,23
1/7/2010,46,35,40,27,7,24
1/10/2010,21,17,45,46,18,1
1/14/2010,7,9,47,40,31,17
1/17/2010,37,12,38,14,23,22
1/21/2010,22,25,27,5,1,23
1/24/2010,27,13,34,36,25,48
1/28/2010,7,33,45,3,11,18
1/31/2010,37,9,35,1,42,29
2/4/2010,14,24,33,44,5,16
2/7/2010,47,13,28,41,32,27
2/11/2010,7,43,27,13,17,42
2/14/2010,34,9,28,11,31,21
2/18/2010,24,37,19,16,32,17
2/21/2010,6,9,40,27,24,17
2/25/2010,13,26,5,20,47,43
2/28/2010,17,6,5,49,21,31
3/4/2010,8,5,20,23,16,25
3/7/2010,46,7,12,33,15,26
3/11/2010,6,45,17,34,33,27
3/14/2010,2,26,5,20,12,37
3/18/2010,21,2,24,41,1,12
3/21/2010,29,45,25,7,2,44
3/25/2010,19,7,1,23,44,22
3/28/2010,4,6,8,45,48,39
4/1/2010,15,25,7,19,9,47
4/4/2010,27,15,34,36,7,25
4/8/2010,45,32,36,9,48,31
4/11/2010,49,34,33,10,48,43
4/15/2010,46,12,36,37,35,13
4/18/2010,14,42,37,41,47,49
4/22/2010,44,22,8,29,1,36
4/25/2010,40,3,13,18,16,30
4/29/2010,19,15,43,34,26,22
5/2/2010,14,37,48,44,11,22
5/6/2010,23,7,15,31,43,28
5/9/2010,2,17,1,28,21,44
5/13/2010,37,9,5,24,12,21
5/16/2010,48,23,19,4,29,24
5/20/2010,47,46,3,4,33,8
5/23/2010,13,16,24,22,25,4
5/27/2010,34,30,49,1,15,44
5/30/2010,32,34,7,22,37,31
6/3/2010,13,33,16,25,1,9
6/6/2010,20,7,1,33,19,43
6/10/2010,46,28,17,44,20,22
6/13/2010,3,14,10,47,2,26
6/17/2010,42,36,15,48,35,32
6/20/2010,20,44,45,12,19,9
6/24/2010,44,49,47,30,12,13
6/27/2010,11,46,10,33,5,6
7/1/2010,36,1,34,35,27,38
7/4/2010,12,40,30,29,9,5
7/8/2010,6,43,11,10,7,13
7/11/2010,12,41,31,23,48,44
7/15/2010,26,49,34,1,12,14
7/18/2010,10,42,43,34,45,36
7/22/2010,29,33,6,4,42,12
7/25/2010,14,44,40,30,22,5
7/29/2010,23,42,49,1,41,3
8/1/2010,10,3,31,47,28,38
8/5/2010,14,31,16,24,1,27
8/8/2010,49,41,3,26,7,31
8/12/2010,14,42,37,4,33,20
8/15/2010,40,48,34,19,21,44
8/19/2010,38,14,23,34,17,42
8/22/2010,43,8,32,2,1,27
8/26/2010,6,24,20,9,38,36
8/29/2010,28,21,12,7,23,11
9/2/2010,15,38,45,9,29,28
9/5/2010,25,39,37,20,38,3
9/9/2010,49,35,44,26,7,18
9/12/2010,13,12,33,29,5,17
9/16/2010,5,47,41,13,12,6
9/19/2010,10,27,37,30,16,13
9/23/2010,15,31,30,39,7,25
9/26/2010,2,18,1,42,17,7
9/30/2010,40,48,4,12,30,7
10/3/2010,38,2,5,25,27,11
10/7/2010,39,26,38,5,36,6
10/10/2010,1,26,12,23,44,35
10/14/2010,13,43,6,20,3,23
10/17/2010,29,31,37,36,16,41
10/21/2010,31,45,8,18,38,19
10/24/2010,6,19,40,49,45,30
10/28/2010,5,27,43,22,20,13
10/31/2010,46,18,33,40,7,24
11/4/2010,19,1,22,38,18,39
11/7/2010,20,22,32,36,33,5
11/11/2010,5,8,45,11,22,9
11/14/2010,19,23,12,17,4,16
11/18/2010,29,11,15,7,5,9
11/21/2010,32,39,38,36,27,35
11/25/2010,11,43,2,28,48,42
11/28/2010,32,4,3,45,36,43
12/2/2010,4,39,23,1,5,47
12/5/2010,39,7,21,31,4,9
12/9/2010,25,32,48,31,47,39
12/12/2010,13,33,37,36,34,21
12/16/2010,33,42,43,45,1,37
12/19/2010,15,41,21,33,49,34
12/23/2010,25,19,24,13,14,41
12/31/2010,8,33,36,34,9,5
12/31/2010,42,29,37,5,43,20
1/6/2011,38,7,17,13,25,24
1/9/2011,14,6,13,46,37,9
1/13/2011,41,18,47,29,45,21
1/16/2011,18,12,7,46,4,33
1/20/2011,45,7,9,34,25,11
1/23/2011,36,37,17,4,12,26
1/27/2011,29,9,5,30,27,34
1/30/2011,12,35,29,19,1,23
2/3/2011,31,15,4,35,18,24
2/6/2011,47,46,34,22,26,6
2/10/2011,37,33,29,23,14,30
2/13/2011,31,20,39,22,13,18
2/17/2011,33,21,24,1,28,5
2/20/2011,9,40,18,42,16,32
2/24/2011,8,19,46,31,15,11
2/27/2011,8,33,24,29,7,48
3/3/2011,9,7,26,44,39,35
3/6/2011,7,48,40,37,19,38
3/10/2011,20,9,48,14,12,35
3/13/2011,39,48,1,20,23,21
3/17/2011,18,35,6,36,3,48
3/20/2011,29,34,24,6,14,1
3/24/2011,28,40,27,29,30,9
3/27/2011,29,34,3,4,5,27
3/31/2011,1,31,27,17,4,32
4/3/2011,27,32,18,2,24,28
4/7/2011,4,9,37,8,35,12
4/10/2011,45,33,24,25,29,23
4/14/2011,23,45,2,30,37,13
4/17/2011,16,4,17,38,46,36
4/24/2011,36,34,5,9,6,3
4/24/2011,40,8,39,26,15,7
4/28/2011,12,7,40,23,4,10
5/1/2011,27,18,40,35,32,26
5/5/2011,11,35,4,39,40,38
5/8/2011,18,16,20,5,38,15
5/12/2011,39,2,1,41,11,25
5/15/2011,28,48,33,9,12,14
5/19/2011,23,20,13,3,9,32
5/22/2011,48,49,14,35,39,28
5/26/2011,1,9,7,18,2,29
5/29/2011,13,34,2,6,11,49
6/2/2011,10,19,32,39,35,13
6/5/2011,4,18,8,22,15,48
6/9/2011,34,43,32,39,17,6
6/12/2011,13,5,41,23,16,48
6/16/2011,41,20,2,46,17,10
6/19/2011,40,21,3,45,49,41
6/23/2011,49,38,32,36,10,22
6/26/2011,42,15,10,16,44,14
6/30/2011,44,48,19,42,49,28
7/3/2011,41,39,8,18,1,4
7/7/2011,33,7,20,24,17,14
7/10/2011,15,38,46,41,32,6
7/14/2011,32,40,31,16,12,13
7/17/2011,15,17,37,48,28,27
7/21/2011,10,42,2,20,35,19
7/24/2011,18,26,45,11,32,28
7/28/2011,2,27,15,36,35,30
7/31/2011,15,29,34,33,22,26
8/4/2011,9,32,16,3,11,17
8/7/2011,43,40,4,44,6,49
8/11/2011,42,6,36,45,37,19
8/14/2011,27,22,32,28,15,14
8/18/2011,8,3,11,1,10,36
8/21/2011,25,17,10,44,45,41
8/25/2011,33,18,41,5,38,3
8/28/2011,10,40,43,13,46,27
9/1/2011,21,40,12,25,35,27
9/4/2011,44,7,14,4,20,22
9/8/2011,11,9,26,10,30,6
9/11/2011,43,19,29,12,38,20
9/15/2011,2,31,33,36,1,18
9/18/2011,26,32,29,8,27,37
9/22/2011,31,26,32,38,45,36
9/25/2011,16,14,19,20,25,13
9/29/2011,28,14,16,24,23,42
10/2/2011,39,18,12,30,25,36
10/6/2011,49,6,14,35,24,3
10/9/2011,40,48,8,38,43,4
10/13/2011,42,5,46,2,43,24
10/16/2011,38,12,3,27,24,35
10/20/2011,43,25,31,7,17,39
10/23/2011,25,27,28,14,22,7
10/27/2011,20,49,21,15,19,2
10/30/2011,27,29,36,19,44,25
11/3/2011,45,40,30,37,43,27
11/6/2011,2,17,33,37,34,42
11/10/2011,11,19,13,6,24,48
11/13/2011,34,20,12,45,9,1
11/17/2011,19,22,45,34,48,32
11/20/2011,47,38,31,44,18,39
11/24/2011,48,26,36,5,25,38
11/27/2011,44,12,26,23,45,43
12/1/2011,25,3,14,36,46,2
12/4/2011,47,11,26,41,28,16
12/8/2011,47,41,22,9,33,3
12/11/2011,41,45,37,14,8,5
12/15/2011,15,7,8,40,33,49
12/18/2011,7,38,30,29,28,21
12/22/2011,42,19,22,5,45,23
12/30/2011,17,43,37,40,29,16
12/30/2011,20,28,38,15,48,37
1/5/2012,9,39,23,36,3,22
1/8/2012,49,32,19,47,42,22
1/12/2012,15,21,4,3,5,8
1/15/2012,14,13,39,45,4,32
1/19/2012,9,29,31,39,3,21
1/22/2012,13,18,31,48,24,19
1/26/2012,23,15,4,31,35,47
1/29/2012,20,42,9,24,12,44
2/2/2012,36,8,34,6,5,49
2/5/2012,14,16,33,19,17,49
2/9/2012,38,41,45,44,8,34
2/12/2012,47,28,40,27,9,34
2/16/2012,39,16,9,8,18,26
2/19/2012,16,34,3,12,28,15
2/23/2012,10,40,42,37,26,27
2/26/2012,10,19,1,16,18,14
3/1/2012,49,42,34,10,19,41
3/4/2012,49,24,44,5,22,38
3/8/2012,10,9,14,43,25,35
3/11/2012,25,15,43,35,36,37
3/15/2012,10,11,2,12,49,39
3/18/2012,3,39,33,40,2,17
3/22/2012,20,24,13,11,31,3
3/25/2012,43,24,36,32,12,19
3/29/2012,5,37,11,36,6,39
4/1/2012,7,14,20,37,43,27
4/5/2012,33,39,23,2,12,24
4/8/2012,4,40,13,27,29,16
4/15/2012,38,29,16,8,28,36
4/15/2012,39,5,46,18,32,37
4/19/2012,1,22,18,47,26,32
4/22/2012,46,18,43,8,20,35
4/26/2012,45,20,35,16,43,13
4/29/2012,27,32,34,15,21,1
5/3/2012,33,22,4,42,17,6
5/6/2012,47,37,17,48,7,41
5/10/2012,48,1,46,2,32,26
5/13/2012,17,3,26,21,29,34
5/17/2012,9,23,41,37,43,4
5/20/2012,43,14,42,49,4,28
5/24/2012,11,2,9,10,38,12
5/27/2012,29,39,33,6,5,26
5/31/2012,42,47,23,20,25,5
6/3/2012,46,38,23,15,18,3
6/7/2012,17,5,16,33,32,27
6/10/2012,25,32,20,28,6,30
6/14/2012,12,37,9,41,15,46
6/17/2012,43,12,2,4,8,39
6/21/2012,2,42,45,33,41,28
6/24/2012,20,30,28,8,5,49
6/28/2012,11,15,19,38,21,44
7/1/2012,33,30,10,47,5,49
7/5/2012,21,24,43,20,13,2
7/8/2012,26,35,38,17,5,23
7/12/2012,32,4,40,44,47,22
7/15/2012,32,1,45,41,44,37
7/19/2012,30,13,12,24,15,19
7/22/2012,48,36,24,21,47,37
7/26/2012,1,12,28,38,16,49
7/29/2012,7,22,9,29,2,32
8/2/2012,13,18,47,14,15,7
8/5/2012,28,49,20,22,8,7
8/9/2012,13,46,36,39,21,35
8/12/2012,25,16,18,20,23,46
8/16/2012,38,30,11,7,5,2
8/19/2012,33,37,31,25,28,8
8/23/2012,21,37,34,29,48,7
8/26/2012,23,30,39,14,40,35
8/30/2012,25,46,4,2,24,10
9/2/2012,21,14,26,19,3,28
9/6/2012,2,33,38,6,36,34
9/9/2012,37,32,30,13,18,4
9/16/2012,9,15,25,30,17,6
9/16/2012,22,19,12,28,29,23
9/20/2012,15,24,46,38,33,3
9/23/2012,14,13,17,38,21,7
9/27/2012,13,49,8,17,28,48
9/30/2012,6,37,34,17,9,14
10/4/2012,16,35,21,14,34,45
10/7/2012,28,16,19,36,46,4
10/11/2012,18,49,20,11,30,9
10/14/2012,43,12,24,36,7,16
10/18/2012,42,18,41,7,35,26
10/21/2012,9,24,2,42,25,28
10/25/2012,22,38,29,37,13,25
10/28/2012,37,11,47,44,31,13
11/1/2012,8,4,48,12,29,33
11/4/2012,37,17,32,21,26,27
11/8/2012,16,5,40,45,14,25
11/11/2012,44,35,34,29,36,32
11/15/2012,12,24,8,30,4,40
11/18/2012,22,28,48,39,20,24
11/22/2012,7,33,26,45,38,43
11/25/2012,12,2,28,32,7,25
11/29/2012,18,1,37,34,43,11
12/2/2012,10,32,37,23,45,39
12/6/2012,47,41,23,10,21,45
12/9/2012,40,11,47,31,38,29
12/13/2012,42,21,24,43,44,2
12/16/2012,38,10,3,4,6,17
12/20/2012,14,47,24,2,13,33
12/23/2012,23,14,39,37,46,8
12/30/2012,49,16,29,32,48,42
12/30/2012,6,32,36,46,8,48
1/6/2013,49,24,10,18,27,23
1/10/2013,39,44,27,31,5,25
1/13/2013,47,33,10,16,27,2
1/17/2013,4,42,46,41,26,37
1/20/2013,6,39,42,44,49,38
1/24/2013,36,27,48,2,6,26
1/27/2013,40,18,25,33,39,43
1/31/2013,40,26,32,22,23,36
2/3/2013,45,46,1,34,8,13
2/7/2013,20,42,39,2,25,28
2/10/2013,3,8,38,25,1,14
2/14/2013,3,4,46,9,44,15
2/17/2013,2,12,19,17,45,26
2/21/2013,27,10,7,34,32,9
2/24/2013,1,14,35,41,7,11
2/28/2013,15,8,21,2,18,45
3/3/2013,48,11,31,8,43,21
3/7/2013,17,5,15,31,42,43
3/10/2013,32,46,9,40,17,29
3/14/2013,22,13,24,3,5,34
3/17/2013,27,28,11,8,12,14
3/21/2013,14,2,23,20,47,49
3/24/2013,16,5,33,4,36,20
3/28/2013,4,5,32,10,22,46
3/31/2013,2,7,46,4,6,16
4/4/2013,6,49,24,16,5,9
4/7/2013,21,35,43,5,7,46
4/11/2013,23,10,25,13,44,39
4/14/2013,13,46,31,35,30,12
4/18/2013,19,16,21,39,7,28
4/21/2013,47,38,10,25,20,15
4/25/2013,37,34,26,18,40,11
4/28/2013,12,36,24,16,43,10
5/5/2013,41,2,27,28,30,42
5/5/2013,6,48,34,12,22,38
5/9/2013,38,28,6,2,22,23
5/12/2013,9,29,45,5,3,11
5/16/2013,35,31,7,27,26,19
5/19/2013,48,21,24,4,39,1
5/23/2013,47,8,6,15,11,26
5/26/2013,4,40,34,17,42,49
5/30/2013,7,11,12,10,46,37
6/2/2013,6,34,36,9,26,16
6/6/2013,6,38,47,34,32,14
6/9/2013,24,44,37,45,8,41
6/13/2013,44,20,48,49,1,25
6/16/2013,17,9,44,21,32,35
6/20/2013,41,8,38,21,9,36
6/23/2013,32,39,17,19,5,47
6/27/2013,2,41,29,43,44,48
6/30/2013,16,25,14,36,8,33
7/4/2013,29,38,44,27,18,17
7/7/2013,11,2,34,36,48,8
7/11/2013,27,23,37,4,30,8
7/14/2013,22,49,18,7,47,6
7/18/2013,38,20,25,40,4,3
7/21/2013,22,29,11,9,2,39
7/25/2013,15,7,6,24,34,28
7/28/2013,41,11,9,45,42,19
8/1/2013,41,12,46,15,40,37
8/4/2013,7,4,10,32,46,45
8/8/2013,17,5,25,20,43,23
8/11/2013,13,21,49,3,40,43
8/15/2013,23,46,18,17,47,15
8/18/2013,43,23,25,3,22,17
8/22/2013,15,32,21,7,23,40
8/25/2013,28,30,49,29,34,25
8/29/2013,8,5,36,3,2,41
9/1/2013,26,44,7,16,25,11
9/5/2013,41,10,28,36,27,16
9/8/2013,6,26,13,24,47,34
9/15/2013,44,2,24,15,48,33
9/15/2013,15,39,44,36,19,33
9/19/2013,33,32,37,41,8,45
